Date,Minimum temperature (°C),Maximum temperature (°C),Rainfall (mm),Speed of maximum wind gust (km/h),9am Temperature (°C),9am relative humidity (%),9am wind speed (km/h),9am MSL pressure (hPa),3pm Temperature (°C),3pm relative humidity (%),3pm wind speed (km/h),3pm MSL pressure (hPa),Demand (MW),Minimum temperature (°C)_MA_24,Maximum temperature (°C)_MA_24,Rainfall (mm)_MA_24,Speed of maximum wind gust (km/h)_MA_24,9am Temperature (°C)_MA_24,9am relative humidity (%)_MA_24,9am wind speed (km/h)_MA_24,9am MSL pressure (hPa)_MA_24,3pm Temperature (°C)_MA_24,3pm relative humidity (%)_MA_24,3pm wind speed (km/h)_MA_24,3pm MSL pressure (hPa)_MA_24,Minimum temperature (°C)_bins,Maximum temperature (°C)_bins,Rainfall (mm)_bins,Speed of maximum wind gust (km/h)_bins,9am Temperature (°C)_bins,9am relative humidity (%)_bins,9am wind speed (km/h)_bins,9am MSL pressure (hPa)_bins,3pm Temperature (°C)_bins,3pm relative humidity (%)_bins,3pm wind speed (km/h)_bins,3pm MSL pressure (hPa)_bins,Minimum temperature (°C)_MA_24_bins,Maximum temperature (°C)_MA_24_bins,Rainfall (mm)_MA_24_bins,Speed of maximum wind gust (km/h)_MA_24_bins,9am Temperature (°C)_MA_24_bins,9am relative humidity (%)_MA_24_bins,9am wind speed (km/h)_MA_24_bins,9am MSL pressure (hPa)_MA_24_bins,3pm Temperature (°C)_MA_24_bins,3pm relative humidity (%)_MA_24_bins,3pm wind speed (km/h)_MA_24_bins,3pm MSL pressure (hPa)_MA_24_bins,Demand_bins
2022-11-24,12.4,19.2,2.8,22.0,14.3,73,7,1021.0,17.0,63.0,7.0,1020.4,216644.01,11.737499999999999,20.14166666666667,3.0416666666666665,37.375,15.283333333333333,67.75,10.875,1012.8166666666665,18.3875,58.875,12.25,1011.8541666666666,3,2,6,1,2,7,4,8,2,4,3,8,0,0,6,8,0,4,5,1,0,7,1,2,6
2022-11-25,11.6,20.6,0.0,22.0,14.3,75,9,1021.7,19.2,51.0,6.0,1020.0,204810.04,11.866666666666667,20.445833333333336,2.9166666666666665,36.458333333333336,15.379166666666668,68.20833333333333,10.708333333333334,1014.0833333333331,18.6375,58.541666666666664,12.041666666666666,1013.0416666666666,2,2,0,1,2,7,6,9,3,3,2,8,0,0,5,7,0,4,4,3,0,6,0,4,4
2022-11-26,10.9,27.3,0.0,54.0,16.8,66,11,1011.9,27.0,33.0,20.0,1004.6,180029.09,12.033333333333333,20.929166666666667,2.8000000000000003,36.916666666666664,15.620833333333335,68.25,10.791666666666666,1014.2999999999998,19.133333333333333,57.666666666666664,12.333333333333334,1012.8833333333332,2,5,0,8,4,5,7,5,6,1,12,2,0,0,5,7,0,4,5,3,0,6,1,4,2
2022-11-27,14.7,20.5,0.2,37.0,16.0,71,9,1004.5,19.5,51.0,9.0,1003.7,175137.85,12.266666666666666,21.141666666666666,2.7916666666666665,37.166666666666664,15.808333333333335,68.29166666666667,10.791666666666666,1013.6874999999999,19.370833333333334,57.0,12.333333333333334,1012.15,4,2,0,4,4,7,6,2,3,3,4,2,0,0,5,7,0,4,5,2,0,6,1,3,1
2022-11-28,9.7,18.8,0.2,31.0,14.0,61,11,1009.1,18.1,46.0,7.0,1008.0,203508.67,12.245833333333332,21.18333333333333,2.7916666666666665,37.458333333333336,15.879166666666668,67.33333333333333,11.0,1012.8958333333331,19.420833333333334,56.583333333333336,12.25,1011.375,1,2,0,3,2,4,7,4,3,2,3,3,0,0,5,8,0,3,5,2,0,5,1,2,4
2022-11-29,12.2,18.4,0.4,33.0,15.5,65,11,1015.6,17.7,52.0,13.0,1016.9,198748.03,12.262499999999998,21.004166666666666,2.8083333333333336,37.541666666666664,15.941666666666668,66.79166666666667,11.083333333333334,1012.4499999999998,19.375,56.041666666666664,12.333333333333334,1011.1125000000001,3,1,0,3,3,5,7,6,2,3,7,7,0,0,5,8,0,3,5,1,0,5,1,1,4
2022-11-30,11.6,18.4,0.0,31.0,16.0,58,9,1019.8,17.9,52.0,9.0,1017.7,203646.69,12.262499999999998,20.641666666666666,2.8083333333333336,37.458333333333336,15.862500000000002,66.58333333333333,11.083333333333334,1012.308333333333,19.029166666666665,56.833333333333336,12.541666666666666,1011.0208333333334,2,1,0,3,4,4,6,8,3,3,4,7,0,0,5,8,0,3,5,1,0,6,1,1,4
2022-12-01,12.1,18.8,0.0,35.0,17.0,73,11,1018.8,18.1,63.0,17.0,1017.7,205939.41,12.1875,20.34583333333333,2.8083333333333336,37.916666666666664,15.750000000000002,66.95833333333333,11.375,1012.2124999999997,18.941666666666666,56.708333333333336,12.875,1010.9625000000001,3,2,0,4,4,7,7,8,3,4,10,7,0,0,5,8,0,3,5,1,0,5,2,1,4
2022-12-02,9.4,21.4,0.0,26.0,15.0,74,6,1018.3,20.4,62.0,13.0,1015.4,202092.68,11.970833333333331,20.087499999999995,2.8083333333333336,37.541666666666664,15.466666666666669,67.66666666666667,11.0,1012.2166666666664,18.716666666666665,57.5,13.166666666666666,1010.9416666666667,1,3,0,2,3,7,4,7,4,4,7,6,0,0,5,8,0,4,5,1,0,6,2,1,4
2022-12-03,13.6,31.0,0.0,31.0,21.3,68,7,1015.7,28.8,42.0,13.0,1013.0,207301.71,11.887499999999998,20.158333333333328,2.691666666666667,37.375,15.487500000000002,67.70833333333333,10.75,1012.0874999999997,18.7375,57.708333333333336,13.166666666666666,1010.8416666666667,4,6,0,3,7,6,4,6,7,2,7,5,0,0,5,8,0,4,4,1,0,6,2,1,5
2022-12-04,17.3,34.5,0.0,44.0,27.2,43,9,1011.7,32.5,28.0,19.0,1007.8,218658.87,11.783333333333331,20.495833333333334,2.691666666666667,36.958333333333336,15.629166666666668,67.41666666666667,10.416666666666666,1011.9999999999999,19.04583333333333,57.041666666666664,13.125,1010.6791666666667,6,7,0,6,11,1,6,5,9,0,11,3,0,0,5,7,0,3,4,1,0,6,2,1,6
2022-12-05,16.2,18.1,0.0,52.0,16.6,77,13,1009.6,16.3,70.0,17.0,1011.7,213809.04,11.679166666666665,20.408333333333335,2.566666666666667,37.875,15.54166666666667,67.29166666666667,10.5,1011.9416666666665,18.966666666666665,56.583333333333336,13.208333333333334,1010.7333333333332,5,1,0,7,4,8,8,4,2,5,10,5,0,0,5,8,0,3,4,1,0,5,2,1,5
2022-12-06,13.4,20.0,1.2,31.0,15.5,71,17,1012.1,19.2,56.0,13.0,1008.9,208764.65,11.64583333333333,20.4375,2.616666666666667,38.083333333333336,15.533333333333337,67.375,10.916666666666666,1011.8499999999998,19.03333333333333,56.166666666666664,13.208333333333334,1010.65,4,2,2,3,3,7,11,5,3,3,7,4,0,0,5,8,0,3,5,0,0,5,2,1,5
2022-12-07,13.1,19.3,0.2,41.0,16.4,68,7,1004.5,18.4,62.0,15.0,1004.4,204764.11,11.549999999999999,20.208333333333332,2.3500000000000005,37.958333333333336,15.420833333333334,66.54166666666667,10.833333333333334,1011.9624999999997,18.787499999999998,56.291666666666664,13.041666666666666,1010.8916666666668,3,2,0,5,4,6,4,2,3,4,8,2,0,0,4,8,0,3,5,1,0,5,2,1,4
2022-12-08,9.4,16.0,0.6,48.0,10.8,72,13,1013.8,15.5,48.0,20.0,1015.2,209028.17,11.399999999999999,20.150000000000002,1.8083333333333338,38.25,15.233333333333334,66.29166666666667,10.833333333333334,1012.6583333333332,18.80833333333333,54.666666666666664,13.333333333333334,1011.3750000000001,1,1,1,6,0,7,8,6,2,2,12,6,0,0,3,8,0,2,5,1,0,4,2,2,5
2022-12-09,9.9,17.6,2.4,41.0,14.6,44,15,1018.1,16.4,51.0,17.0,1017.3,203832.63,11.479166666666664,20.337500000000002,1.316666666666667,38.166666666666664,15.420833333333334,65.125,11.166666666666666,1012.8666666666664,19.04166666666666,53.791666666666664,13.333333333333334,1011.5500000000002,1,1,5,5,3,1,10,7,2,3,10,7,0,0,2,8,0,1,5,2,0,4,2,2,4
2022-12-10,8.1,25.9,0.0,31.0,14.2,63,7,1017.1,24.8,32.0,11.0,1012.0,183406.37,11.516666666666666,20.8,1.2916666666666672,37.666666666666664,15.554166666666667,65.08333333333333,11.0,1012.9499999999998,19.49583333333333,53.0,13.166666666666666,1011.3875000000002,0,4,0,3,2,5,4,7,5,0,6,5,0,0,2,8,0,1,5,2,0,4,2,2,2
2022-12-11,14.0,28.6,0.0,54.0,20.7,53,13,1005.4,25.7,35.0,20.0,1002.0,195501.27,11.699999999999998,21.312499999999996,1.1583333333333339,38.541666666666664,15.870833333333332,64.33333333333333,11.0,1012.3708333333333,19.92083333333333,51.833333333333336,13.458333333333334,1010.6916666666667,4,5,0,8,7,3,8,3,6,1,12,1,0,0,2,9,0,0,5,1,0,3,3,1,3
2022-12-13,11.6,17.9,3.2,44.0,14.2,56,15,1008.7,12.2,86.0,13.0,1008.0,216838.32,11.841666666666667,20.829166666666662,2.016666666666667,38.583333333333336,15.6625,65.08333333333333,11.333333333333334,1011.9541666666668,19.41666666666666,53.208333333333336,13.666666666666666,1010.7583333333333,2,1,7,6,2,3,10,4,0,7,7,3,0,0,3,9,0,1,5,1,0,4,3,1,6
2022-12-14,9.0,15.8,6.2,50.0,13.7,64,19,1013.2,12.4,77.0,19.0,1015.5,213879.78,11.725,20.629166666666663,1.608333333333334,38.583333333333336,15.637499999999998,65.125,11.5,1012.5791666666668,19.124999999999996,54.916666666666664,13.833333333333334,1011.5250000000001,1,0,14,7,2,5,12,6,0,6,11,6,0,0,2,9,0,1,5,1,0,5,3,2,5
2022-12-15,11.1,16.6,3.4,39.0,14.8,58,11,1017.0,15.7,57.0,15.0,1016.5,210304.05,11.795833333333334,20.74583333333333,1.7000000000000004,37.833333333333336,15.7875,65.41666666666667,10.958333333333334,1013.2125000000001,19.287499999999994,54.625,13.75,1012.0000000000001,2,1,7,5,3,4,7,7,2,4,8,7,0,0,3,8,0,2,5,2,0,4,3,2,5
2022-12-16,10.8,20.3,0.0,35.0,15.7,58,11,1019.4,19.2,47.0,13.0,1019.0,198101.44,11.883333333333335,20.833333333333332,1.6166666666666671,37.75,15.9125,65.0,10.875,1013.4833333333335,19.337499999999995,54.166666666666664,13.916666666666666,1012.2791666666668,2,2,0,4,3,4,7,8,3,2,7,8,0,0,3,8,0,1,5,2,0,4,3,3,4
2022-12-17,10.9,22.3,0.2,41.0,16.5,61,15,1023.0,21.4,44.0,19.0,1021.4,172182.19,11.854166666666666,21.025,1.6000000000000005,38.208333333333336,15.987499999999999,64.83333333333333,11.041666666666666,1013.7916666666669,19.558333333333326,52.791666666666664,14.458333333333334,1012.4666666666668,2,3,0,5,4,4,10,9,4,2,11,8,0,0,2,8,0,1,5,3,0,3,4,3,1
2022-12-18,11.7,23.7,0.0,37.0,16.5,54,15,1024.9,22.6,41.0,17.0,1021.6,159249.92,11.825000000000001,21.2125,1.483333333333334,38.833333333333336,16.079166666666666,64.04166666666667,11.375,1013.9541666666669,19.79166666666666,51.875,14.875,1012.5166666666668,3,3,0,4,4,3,10,10,5,2,10,8,0,0,2,9,1,0,5,3,0,3,5,3,0
2022-12-19,9.8,26.0,0.0,33.0,16.6,67,4,1025.5,22.4,39.0,17.0,1022.3,192161.49,11.75,21.437499999999996,1.483333333333334,39.291666666666664,16.175,63.708333333333336,11.166666666666666,1014.1125000000002,19.924999999999994,51.375,15.333333333333334,1012.6125000000001,1,4,0,3,4,6,2,10,4,1,10,9,0,0,2,9,1,0,5,3,0,3,5,3,3
2022-12-20,10.2,27.3,0.0,31.0,16.4,64,7,1022.0,26.3,32.0,15.0,1017.6,199467.37,11.720833333333333,21.437499999999996,1.483333333333334,38.333333333333336,16.15833333333333,63.625,11.0,1014.5333333333334,19.895833333333325,51.333333333333336,15.125,1013.1541666666667,2,5,0,3,4,5,4,9,6,0,8,7,0,0,2,9,1,0,5,3,0,3,5,4,4
2022-12-21,12.9,29.4,0.0,30.0,18.2,64,7,1015.3,28.2,27.0,11.0,1011.6,213997.91,11.645833333333334,21.808333333333326,1.4750000000000005,38.041666666666664,16.249999999999996,63.333333333333336,10.916666666666666,1014.9833333333335,20.258333333333326,50.333333333333336,15.208333333333334,1013.4833333333332,3,5,0,3,5,5,4,6,7,0,6,5,0,1,2,8,1,0,5,4,1,2,5,4,5
2022-12-22,16.8,25.2,5.2,26.0,17.4,91,6,1011.6,21.5,82.0,4.0,1008.5,221897.15,11.941666666666668,22.075,1.6833333333333338,37.833333333333336,16.391666666666662,64.58333333333333,10.708333333333334,1015.0875000000001,20.39999999999999,51.833333333333336,15.083333333333334,1013.5041666666666,6,4,11,2,5,11,4,5,4,7,1,4,0,1,3,8,1,1,4,4,1,3,5,4,6
2022-12-23,15.7,23.1,1.6,28.0,18.2,97,4,1011.7,20.2,76.0,13.0,1009.7,205399.43,12.0875,22.270833333333332,1.733333333333334,37.625,16.504166666666663,65.91666666666667,10.416666666666666,1014.9250000000002,20.50416666666666,52.833333333333336,15.083333333333334,1013.2041666666665,5,3,3,2,5,12,2,5,4,6,7,4,0,1,3,8,1,2,4,4,1,3,5,4,4
2022-12-24,16.7,23.5,0.0,31.0,18.9,66,9,1011.7,21.6,53.0,13.0,1010.8,178625.36,12.299999999999999,22.483333333333334,1.733333333333334,37.625,16.624999999999996,66.25,10.416666666666666,1014.5875000000002,20.658333333333328,52.875,15.25,1012.9166666666665,6,3,0,3,6,5,6,5,4,3,7,4,0,1,3,8,1,2,4,3,1,4,5,4,2
2022-12-25,12.9,31.9,0.0,24.0,19.5,66,7,1013.1,30.3,31.0,11.0,1012.3,182750.79,12.33333333333333,23.02916666666667,1.733333333333334,37.166666666666664,16.72916666666666,65.95833333333333,10.25,1014.3500000000003,21.166666666666657,51.541666666666664,15.0,1012.6916666666665,3,6,0,2,6,5,4,6,8,0,6,5,0,1,3,7,1,2,4,3,1,3,5,3,2
2022-12-26,17.0,27.5,0.0,28.0,22.6,58,11,1016.6,23.6,67.0,13.0,1016.6,211616.9,12.649999999999999,23.283333333333335,1.733333333333334,37.25,17.04583333333333,65.29166666666667,10.458333333333334,1014.2791666666668,21.299999999999994,51.75,15.0,1012.7416666666663,6,5,0,2,8,4,7,7,5,5,7,7,0,1,3,7,1,1,4,3,1,3,5,3,5
2022-12-27,17.7,37.3,0.0,33.0,25.1,62,7,1018.1,36.5,26.0,15.0,1013.1,256405.63,12.820833333333331,23.545833333333334,1.733333333333334,37.333333333333336,17.204166666666662,65.04166666666667,10.458333333333334,1014.3791666666667,21.620833333333326,51.083333333333336,15.083333333333334,1012.7458333333329,6,8,0,3,10,5,4,7,10,0,8,5,1,1,3,8,1,1,4,3,1,3,5,3,10
2022-12-29,14.0,19.3,0.8,33.0,15.8,58,17,1019.0,18.4,55.0,13.0,1017.5,180768.77,13.049999999999997,23.308333333333334,1.7666666666666673,36.625,17.187499999999996,64.20833333333333,10.625,1014.6250000000001,21.10416666666666,52.25,14.666666666666666,1013.220833333333,4,2,1,3,3,4,11,8,3,3,7,7,1,1,3,7,1,0,4,3,1,3,4,4,2
2022-12-30,12.6,26.2,0.0,30.0,18.2,70,4,1015.9,25.0,52.0,11.0,1012.5,195514.31,13.016666666666666,23.566666666666666,1.716666666666667,36.583333333333336,17.299999999999997,64.16666666666667,10.083333333333334,1014.7833333333336,21.34583333333332,52.083333333333336,14.583333333333334,1013.3708333333329,3,4,0,3,5,6,2,7,6,3,6,5,1,1,3,7,2,0,4,4,1,3,4,4,3
2022-12-31,17.9,30.3,0.0,30.0,20.6,78,4,1014.3,27.4,54.0,11.0,1010.4,205749.25,13.216666666666663,24.025000000000002,1.7083333333333337,36.125,17.474999999999998,64.58333333333333,9.958333333333334,1015.191666666667,21.72083333333332,51.75,14.416666666666666,1013.6208333333329,6,6,0,3,7,8,2,6,7,3,6,4,1,2,3,6,2,1,3,4,1,3,4,4,4
2023-01-01,18.4,35.9,0.0,31.0,24.6,65,7,1010.8,35.3,34.0,11.0,1007.4,240293.3,13.591666666666663,24.854166666666668,1.6833333333333336,35.416666666666664,18.05,64.29166666666667,9.708333333333334,1015.066666666667,22.54583333333332,51.166666666666664,14.041666666666666,1013.295833333333,7,8,0,3,10,5,4,5,10,1,6,3,1,2,3,6,2,0,3,4,2,3,3,4,8
2023-01-03,15.2,21.1,0.2,37.0,17.4,68,11,1010.2,20.5,58.0,17.0,1008.9,196275.73,14.39583333333333,25.254166666666666,1.8583333333333336,36.125,18.766666666666666,64.625,10.166666666666666,1014.2708333333338,22.56249999999999,53.458333333333336,14.125,1012.720833333333,5,2,0,4,5,6,7,4,4,4,10,4,2,2,3,6,3,1,4,3,2,4,4,3,3
2023-01-04,15.0,18.7,0.0,52.0,15.6,62,13,1010.7,16.0,76.0,22.0,1011.2,193968.21,14.437499999999998,24.84166666666667,1.8583333333333336,36.041666666666664,18.554166666666667,65.0,10.166666666666666,1014.4916666666671,22.15833333333332,55.166666666666664,14.208333333333334,1013.1041666666664,5,2,0,7,3,5,8,5,2,6,13,5,2,2,3,6,3,1,4,3,2,5,4,4,3
2023-01-05,14.1,21.6,1.0,39.0,18.4,66,13,1014.9,20.8,65.0,15.0,1014.3,186610.74,14.545833333333333,25.02083333333334,1.1750000000000005,35.833333333333336,18.79583333333333,64.25,10.333333333333334,1015.0708333333338,22.35833333333332,55.416666666666664,13.916666666666666,1013.6124999999997,4,3,2,5,5,5,8,6,4,5,8,6,2,2,2,6,3,0,4,4,2,5,3,4,2
2023-01-06,13.3,25.6,0.0,37.0,18.4,65,15,1017.7,25.4,39.0,17.0,1015.0,181070.73,14.616666666666665,25.341666666666672,1.0416666666666672,35.541666666666664,18.97083333333333,64.625,10.333333333333334,1015.4458333333338,22.908333333333317,53.458333333333336,14.083333333333334,1013.9041666666664,4,4,0,4,5,5,10,7,6,1,10,6,2,2,1,6,3,1,4,4,2,4,4,5,2
2023-01-07,13.2,30.2,0.0,28.0,18.5,66,9,1015.1,28.8,34.0,11.0,1011.4,188176.06,14.791666666666664,25.941666666666677,0.7833333333333338,34.625,19.17083333333333,64.70833333333333,9.916666666666666,1015.5250000000004,23.59166666666665,51.666666666666664,13.75,1013.7333333333331,3,6,0,2,5,5,6,6,7,1,6,5,2,3,1,5,3,1,3,4,2,3,3,5,3
2023-01-08,14.9,31.9,0.0,24.0,20.3,67,4,1012.7,30.0,28.0,11.0,1010.7,208007.24,14.949999999999996,26.579166666666676,0.6416666666666672,34.0,19.4,65.08333333333333,9.625,1015.3458333333338,24.187499999999982,50.458333333333336,13.583333333333334,1013.4916666666664,5,6,0,2,7,6,2,5,8,0,6,4,2,3,0,4,3,1,3,4,3,2,3,4,5
2023-01-09,18.4,26.2,0.0,37.0,24.3,46,6,1011.9,21.2,75.0,17.0,1013.3,227748.97,15.26666666666666,26.825000000000014,0.6416666666666672,34.083333333333336,19.758333333333333,64.58333333333333,9.416666666666666,1015.0333333333338,24.270833333333314,51.625,13.75,1013.2541666666665,7,4,0,4,9,1,4,5,4,6,10,5,2,3,0,4,4,1,3,4,3,3,3,4,7
2023-01-10,16.9,21.6,0.0,35.0,17.4,66,9,1016.4,20.7,63.0,15.0,1013.8,210871.26,15.51666666666666,26.79583333333335,0.6333333333333339,33.833333333333336,19.79583333333333,64.79166666666667,9.166666666666666,1014.7583333333338,24.24166666666665,52.416666666666664,13.583333333333334,1012.9374999999997,6,3,0,4,5,5,6,7,4,4,8,6,2,3,0,4,4,1,2,4,3,3,3,4,5
2023-01-11,15.9,29.9,0.0,28.0,20.4,71,6,1011.4,27.9,49.0,13.0,1008.6,247335.97,15.691666666666661,27.054166666666678,0.6333333333333339,33.458333333333336,19.958333333333332,65.5,8.791666666666666,1014.1958333333338,24.46249999999998,52.75,13.416666666666666,1012.395833333333,5,6,0,2,7,7,4,5,7,3,7,4,3,3,0,4,4,2,2,3,3,3,2,3,9
2023-01-12,18.7,24.0,0.0,28.0,18.7,87,7,1014.0,22.9,73.0,13.0,1013.9,240161.45,16.062499999999993,26.970833333333346,0.6333333333333339,33.25,20.04583333333333,66.33333333333333,8.916666666666666,1013.7166666666672,24.483333333333317,54.166666666666664,13.25,1012.0458333333331,7,4,0,2,6,10,4,6,5,6,7,6,3,3,0,3,4,2,2,2,3,4,2,2,8
2023-01-13,18.0,24.2,0.0,31.0,20.4,76,6,1017.1,23.3,70.0,15.0,1015.5,240859.26,16.387499999999992,26.841666666666683,0.6333333333333339,33.25,20.212499999999995,66.83333333333333,8.875,1013.5125000000004,24.358333333333317,55.75,13.25,1011.9583333333331,6,4,0,3,7,8,4,7,5,5,8,6,3,3,0,3,4,3,2,2,3,5,2,2,8
2023-01-14,20.2,37.6,0.0,43.0,23.3,75,6,1012.8,35.4,26.0,15.0,1007.4,260914.15,16.69166666666666,27.18333333333335,0.6333333333333339,33.791666666666664,20.424999999999997,67.29166666666667,8.833333333333334,1013.4083333333338,24.658333333333314,55.708333333333336,13.416666666666666,1011.7833333333333,8,8,0,5,9,7,4,5,10,0,8,3,3,3,0,4,4,3,2,2,3,5,2,2,10
2023-01-15,18.0,20.6,0.0,35.0,18.4,72,13,1018.1,20.3,58.0,15.0,1019.7,192223.53,16.74166666666666,26.991666666666685,0.41666666666666713,34.166666666666664,20.466666666666665,66.5,9.125,1013.6791666666671,24.60833333333331,54.708333333333336,13.875,1012.25,6,2,0,4,5,7,8,7,4,4,8,8,3,3,0,4,4,3,2,2,3,4,3,3,3
2023-01-16,15.1,27.0,0.0,24.0,16.4,72,9,1019.5,25.2,50.0,15.0,1017.1,234738.93,16.71666666666666,27.154166666666683,0.3500000000000005,34.0,20.391666666666662,65.45833333333333,9.333333333333334,1014.0041666666671,24.816666666666645,53.625,13.958333333333334,1012.5583333333333,5,5,0,2,4,7,6,8,6,3,8,7,3,3,0,4,4,2,3,3,3,4,3,3,8
2023-01-17,16.3,37.2,0.0,48.0,26.3,54,20,1015.3,35.6,31.0,20.0,1009.8,291349.26,16.699999999999996,27.72500000000002,0.3500000000000005,34.708333333333336,20.7,64.95833333333333,9.791666666666666,1014.154166666667,25.399999999999977,52.708333333333336,14.25,1012.5166666666665,5,8,0,6,11,3,13,6,10,0,12,4,3,3,0,5,4,1,3,3,3,3,4,3,13
2023-01-18,19.8,19.9,6.0,41.0,19.9,94,9,1010.9,16.7,85.0,15.0,1012.6,240002.28,16.987499999999997,27.22500000000002,0.6000000000000004,35.416666666666664,20.716666666666665,66.125,9.875,1014.0625000000005,24.833333333333314,54.958333333333336,14.416666666666666,1012.5291666666666,8,2,13,5,6,11,6,5,2,7,8,5,3,3,0,6,4,2,3,3,3,5,4,3,8
2023-01-19,14.7,19.3,4.6,41.0,16.3,56,15,1016.8,17.5,53.0,17.0,1016.7,200637.69,16.891666666666662,26.88333333333335,0.7916666666666671,35.958333333333336,20.454166666666662,66.04166666666667,10.041666666666666,1014.0708333333338,24.579166666666648,54.375,14.583333333333334,1012.5333333333333,4,2,10,5,4,3,10,7,2,3,10,7,3,3,1,6,4,2,3,3,3,4,4,3,4
2023-01-20,15.5,21.0,0.0,35.0,17.5,50,9,1017.8,20.3,49.0,13.0,1016.0,197555.26,16.799999999999997,26.204166666666683,0.7916666666666671,36.041666666666664,20.137499999999992,65.54166666666667,10.125,1014.0583333333338,23.904166666666644,55.333333333333336,14.5,1012.6541666666667,5,2,0,4,5,2,6,7,4,3,7,6,3,3,1,6,4,2,4,3,3,5,4,3,4
2023-01-21,13.8,23.0,0.0,43.0,17.2,76,2,1016.3,22.1,66.0,15.0,1014.2,186481.47,16.333333333333332,26.012500000000017,0.7916666666666671,35.916666666666664,19.70416666666666,66.95833333333333,9.833333333333334,1014.3958333333338,24.074999999999978,55.125,14.583333333333334,1012.6875,4,3,0,5,4,8,1,7,4,5,8,6,3,3,1,6,4,3,3,3,3,5,4,3,2
2023-01-22,17.2,23.4,0.0,35.0,20.0,72,9,1017.1,22.6,70.0,20.0,1015.1,188528.09,16.466666666666665,26.18333333333335,0.7583333333333337,36.0,19.87916666666666,67.54166666666667,9.5,1014.3166666666671,24.249999999999982,55.75,14.875,1012.5875,6,3,0,4,6,7,6,7,5,5,12,6,3,3,1,6,4,4,3,3,3,5,5,3,3
2023-01-23,18.2,28.0,0.0,24.0,20.1,69,7,1016.1,26.3,46.0,11.0,1012.7,231855.18,16.699999999999996,26.25833333333335,0.7583333333333337,35.75,19.958333333333325,67.5,9.625,1014.3250000000003,24.304166666666646,55.5,14.875,1012.5958333333333,7,5,0,2,7,6,4,7,6,2,6,5,3,3,1,6,4,4,3,3,3,5,5,3,7
2023-01-24,17.6,28.6,0.0,41.0,20.4,66,7,1011.8,28.4,36.0,9.0,1009.2,240638.0,16.687499999999996,26.187500000000018,0.7583333333333337,36.208333333333336,19.949999999999992,67.0,9.75,1014.2208333333336,24.345833333333314,54.75,14.791666666666666,1012.5458333333332,6,5,0,5,7,5,4,5,7,1,4,4,3,3,1,6,4,3,3,3,3,4,5,3,8
2023-01-25,17.2,30.0,1.8,35.0,20.3,77,7,1012.1,27.6,50.0,7.0,1009.2,238172.9,16.6375,25.941666666666688,0.8333333333333338,36.375,19.770833333333325,67.5,9.75,1014.2750000000002,24.02499999999998,55.416666666666664,14.625,1012.6208333333333,6,6,4,4,7,8,4,5,7,3,3,4,3,3,1,7,4,4,3,3,3,5,4,3,8
2023-01-26,15.9,21.6,0.0,35.0,18.4,69,9,1015.7,21.2,56.0,15.0,1016.2,196419.8,16.379166666666663,25.508333333333354,0.5666666666666671,35.666666666666664,19.34583333333332,68.41666666666667,9.208333333333334,1014.6833333333335,24.02916666666665,54.416666666666664,14.708333333333334,1013.0208333333334,5,3,0,4,5,6,6,6,4,3,8,6,3,2,0,6,3,4,2,4,3,4,5,4,3
2023-01-27,13.5,26.8,0.0,24.0,17.1,59,9,1016.3,24.2,45.0,11.0,1012.9,212778.11,16.30833333333333,25.74583333333335,0.5583333333333338,35.125,19.333333333333325,68.04166666666667,9.125,1014.9375000000001,24.18333333333332,53.875,14.458333333333334,1013.1875,4,5,0,2,4,4,6,7,5,2,6,5,3,3,0,5,3,4,2,4,3,4,4,4,5
2023-01-29,19.5,23.8,0.2,24.0,20.7,84,0,1012.7,22.1,77.0,11.0,1012.5,219439.37,16.54166666666666,26.48333333333335,0.5250000000000005,34.125,19.841666666666658,67.54166666666667,8.5,1014.725,24.97083333333332,51.958333333333336,13.833333333333334,1012.9250000000001,7,3,0,2,7,9,0,5,4,6,6,5,3,3,0,4,4,4,1,4,3,3,3,4,6
2023-01-30,17.9,21.7,0.0,33.0,18.3,71,9,1014.7,20.4,63.0,13.0,1012.2,222631.25,16.733333333333327,26.32083333333335,0.5250000000000005,33.958333333333336,19.83749999999999,67.79166666666667,8.25,1014.6,24.76249999999999,52.958333333333336,13.666666666666666,1012.8083333333334,6,3,0,3,5,7,6,6,4,4,7,5,3,3,0,4,4,4,1,3,3,4,3,3,6
2023-01-31,15.6,22.2,0.0,30.0,18.7,67,7,1009.8,21.1,51.0,13.0,1007.5,213925.18,16.83333333333333,25.987500000000015,0.5250000000000005,34.041666666666664,19.845833333333324,67.83333333333333,8.166666666666666,1014.3791666666667,24.44166666666666,53.666666666666664,13.75,1012.6458333333334,5,3,0,3,6,6,4,4,4,3,7,3,3,3,0,4,4,4,1,3,3,4,3,3,5
2023-02-01,14.9,21.0,0.0,39.0,18.1,61,7,1006.7,18.2,65.0,13.0,1006.6,215819.45,16.83333333333333,25.53333333333335,0.5250000000000005,34.666666666666664,19.75416666666666,67.58333333333333,8.291666666666666,1014.1291666666667,23.949999999999992,55.208333333333336,13.833333333333334,1012.4749999999999,5,2,0,5,5,4,4,3,3,5,7,3,3,2,0,5,4,4,1,3,3,5,3,3,5
2023-02-04,11.7,20.7,6.6,31.0,14.8,86,11,1004.0,19.6,58.0,11.0,1008.3,190074.92,16.254166666666663,24.82916666666668,1.2750000000000004,35.833333333333336,18.99166666666666,68.04166666666667,9.166666666666666,1012.2791666666666,23.437499999999996,53.291666666666664,14.041666666666666,1010.6666666666666,3,2,15,3,3,10,7,2,3,4,6,4,3,2,2,6,3,4,2,1,2,4,3,1,3
2023-02-05,13.8,19.8,1.2,26.0,16.5,69,6,1017.4,19.0,59.0,7.0,1017.7,190971.08,16.049999999999997,24.65416666666668,1.3250000000000004,35.75,18.899999999999995,67.29166666666667,9.125,1012.4208333333332,23.274999999999995,52.708333333333336,13.791666666666666,1010.8249999999999,4,2,2,2,4,6,4,7,3,4,3,7,3,2,2,6,3,3,2,1,2,3,3,1,3
2023-02-06,16.0,20.9,0.0,28.0,16.8,75,9,1020.5,19.4,60.0,13.0,1020.2,209541.89,15.966666666666663,24.516666666666676,1.3250000000000004,35.625,18.749999999999996,67.25,9.25,1012.5625,23.112499999999997,52.291666666666664,13.708333333333334,1011.0208333333334,5,2,0,2,4,7,6,8,3,4,7,8,3,2,2,6,3,3,2,1,2,3,3,1,5
2023-02-07,16.6,20.4,0.0,37.0,17.5,64,11,1020.0,19.8,60.0,15.0,1018.2,205632.0,15.816666666666665,23.800000000000008,1.3250000000000004,35.375,18.50833333333333,66.79166666666667,9.458333333333334,1012.8625000000001,22.462499999999995,53.708333333333336,13.708333333333334,1011.4708333333333,6,2,0,4,5,5,7,8,3,4,8,7,3,2,2,6,3,3,3,2,2,4,3,2,4
2023-02-08,15.0,22.2,0.0,33.0,17.6,64,7,1017.3,20.2,64.0,15.0,1014.8,204410.94,15.691666666666665,23.866666666666674,1.3250000000000004,35.291666666666664,18.474999999999998,66.45833333333333,9.208333333333334,1012.8291666666668,22.458333333333332,53.958333333333336,13.708333333333334,1011.2666666666665,5,3,0,3,5,5,4,7,4,4,8,6,3,2,2,5,3,3,2,1,2,4,3,2,4
2023-02-09,13.2,26.4,0.2,26.0,17.5,79,7,1010.9,25.1,56.0,13.0,1007.4,227553.6,15.612499999999997,23.841666666666672,1.3333333333333337,35.375,18.520833333333332,66.75,9.125,1012.4708333333334,22.454166666666666,54.208333333333336,13.625,1010.8625000000001,3,4,0,2,5,8,4,5,6,3,7,3,3,2,2,6,3,3,2,1,2,4,3,1,7
2023-02-10,16.2,26.7,0.0,28.0,19.0,85,0,1007.3,24.3,61.0,15.0,1004.2,234452.55,15.608333333333329,23.404166666666672,1.3333333333333337,34.541666666666664,18.216666666666665,68.04166666666667,8.291666666666666,1012.1375000000002,21.98333333333333,55.458333333333336,13.416666666666666,1010.6291666666667,5,4,0,2,6,9,0,3,5,4,8,2,3,1,2,5,2,4,1,1,2,5,2,1,7
2023-02-11,15.8,25.7,0.0,41.0,20.2,79,0,1000.5,22.3,65.0,22.0,1001.9,199908.82,15.441666666666663,23.645833333333343,1.0833333333333337,34.541666666666664,18.229166666666664,67.41666666666667,7.916666666666667,1011.7041666666668,22.216666666666658,54.625,13.708333333333334,1010.1833333333335,5,4,0,5,7,8,0,1,4,5,13,1,2,1,1,5,2,3,1,0,2,4,3,0,4
2023-02-12,17.3,20.7,0.0,46.0,18.6,65,9,1010.0,19.9,47.0,17.0,1012.3,178602.78,15.549999999999997,23.70416666666668,0.8916666666666669,34.75,18.325,67.79166666666667,7.666666666666667,1011.4208333333335,22.31666666666666,54.375,13.708333333333334,1010.0000000000001,6,2,0,6,5,5,6,4,3,2,10,5,2,1,1,5,2,4,0,0,2,4,3,0,2
2023-02-13,15.8,20.9,0.0,37.0,17.1,55,13,1015.1,19.9,55.0,15.0,1014.3,205543.35,15.562499999999998,23.700000000000014,0.8916666666666669,34.833333333333336,18.308333333333334,68.0,7.833333333333333,1011.3083333333334,22.299999999999994,54.625,13.791666666666666,1009.9291666666668,5,2,0,4,4,3,8,6,3,3,8,6,2,1,1,5,2,4,0,0,2,4,3,0,4
2023-02-14,12.0,22.2,0.0,37.0,17.1,67,9,1015.7,21.2,52.0,17.0,1013.8,202598.26,15.487499999999997,23.666666666666682,0.8916666666666669,34.583333333333336,18.304166666666667,67.625,8.125,1011.2833333333334,22.262499999999992,54.041666666666664,13.875,1009.9125,3,3,0,4,4,6,6,6,4,3,10,6,2,1,1,5,2,4,1,0,2,4,3,0,4
2023-02-15,12.6,32.4,0.0,31.0,17.2,71,7,1013.9,31.4,31.0,11.0,1011.1,238033.32,15.295833333333333,24.041666666666682,0.8916666666666669,34.416666666666664,18.1875,67.58333333333333,8.041666666666666,1011.1500000000002,22.62916666666666,52.416666666666664,13.5,1009.7458333333334,3,7,0,3,4,7,4,6,8,0,6,5,2,2,1,5,2,4,1,0,2,3,3,0,8
2023-02-16,17.1,37.2,0.0,33.0,23.1,55,9,1013.3,35.4,24.0,7.0,1010.3,281608.67,15.25,24.425000000000015,0.8916666666666669,34.791666666666664,18.3125,67.0,8.125,1011.0333333333336,23.008333333333326,51.5,13.333333333333334,1009.6458333333334,6,8,0,3,9,3,6,6,10,0,3,4,2,2,1,5,2,3,1,0,2,3,2,0,12
2023-02-18,17.4,24.9,0.0,31.0,18.1,68,9,1014.3,22.7,50.0,9.0,1015.2,203244.45,15.475,24.708333333333346,0.8166666666666669,34.833333333333336,18.616666666666667,65.25,8.708333333333334,1011.0500000000003,23.27083333333333,50.666666666666664,13.958333333333334,1009.7583333333333,6,4,0,3,5,6,6,6,5,3,4,6,2,2,1,5,3,1,2,0,2,2,3,0,4
2023-02-19,14.9,27.9,0.0,30.0,19.3,71,4,1019.0,25.5,35.0,9.0,1017.5,200787.08,15.433333333333332,24.970833333333346,0.8166666666666669,34.625,18.65416666666667,65.33333333333333,8.5,1011.1875000000003,23.449999999999992,49.791666666666664,13.708333333333334,1009.8125,5,5,0,3,6,7,2,8,6,1,4,7,2,2,1,5,3,1,1,0,2,2,3,0,4
2023-02-20,14.9,24.0,0.0,30.0,18.6,83,0,1020.3,23.4,60.0,11.0,1020.7,229959.29,15.491666666666665,24.854166666666682,0.8166666666666669,34.875,18.71666666666667,66.33333333333333,8.125,1011.354166666667,23.416666666666657,50.416666666666664,13.708333333333334,1010.1374999999999,5,4,0,3,5,9,0,8,5,4,6,8,2,2,1,5,3,2,1,0,2,2,3,0,7
2023-02-21,17.7,22.2,0.0,39.0,18.3,70,13,1027.5,21.5,40.0,13.0,1027.8,211887.94,15.595833333333331,24.354166666666682,0.8166666666666669,34.708333333333336,18.416666666666668,67.91666666666667,8.208333333333334,1012.1750000000003,22.91249999999999,51.333333333333336,13.791666666666666,1011.0166666666665,6,3,0,5,5,6,8,11,4,1,7,11,3,2,1,5,3,4,1,1,2,3,3,1,5
2023-02-22,14.6,30.6,0.0,33.0,17.6,67,0,1024.8,27.3,44.0,13.0,1021.2,228338.72,15.391666666666666,24.637500000000017,0.8083333333333336,35.083333333333336,18.287500000000005,67.20833333333333,8.208333333333334,1012.6791666666669,23.129166666666652,49.958333333333336,13.875,1011.3791666666666,4,6,0,3,5,6,0,10,7,2,7,8,2,2,1,5,2,3,1,1,2,2,3,2,7
2023-02-23,17.5,32.4,0.0,44.0,21.6,45,22,1021.1,30.4,32.0,13.0,1018.7,249664.44,15.375,25.083333333333346,0.8083333333333336,35.541666666666664,18.425000000000004,66.125,8.75,1012.9458333333336,23.54583333333332,48.666666666666664,13.875,1011.65,6,7,0,6,8,1,14,9,8,0,7,7,2,2,1,6,3,2,2,2,2,1,3,2,9
2023-02-24,19.6,32.3,0.0,46.0,23.1,48,19,1017.6,30.6,30.0,22.0,1014.1,257545.08,15.541666666666666,25.504166666666677,0.8083333333333336,36.208333333333336,18.608333333333338,65.33333333333333,9.25,1013.2708333333335,23.941666666666652,47.791666666666664,14.25,1011.9249999999998,7,7,0,6,9,2,12,7,8,0,13,6,2,2,1,6,3,1,2,2,3,1,4,2,10
2023-02-25,22.2,26.7,0.0,28.0,25.0,37,17,1012.4,24.4,43.0,9.0,1012.1,231482.2,15.845833333333333,25.741666666666678,0.8083333333333336,35.75,18.89583333333334,64.33333333333333,9.666666666666666,1013.5083333333336,24.199999999999985,46.875,14.083333333333334,1012.1541666666666,9,4,0,2,10,0,11,5,5,2,4,5,3,3,1,6,3,0,3,2,3,0,4,3,7
2023-02-26,15.7,23.4,1.4,30.0,17.1,68,0,1012.5,22.2,54.0,9.0,1011.4,192439.81,15.908333333333333,25.82916666666668,0.8583333333333335,34.666666666666664,18.95833333333334,65.20833333333333,9.208333333333334,1014.1083333333336,24.283333333333317,47.5,13.291666666666666,1013.0333333333333,5,3,3,3,4,6,0,5,4,3,4,5,3,3,1,5,3,1,2,3,3,1,2,4,3
2023-02-27,16.3,20.2,2.6,33.0,17.9,77,13,1015.4,18.9,72.0,11.0,1015.9,226904.68,16.1125,25.887500000000017,0.5000000000000003,34.333333333333336,19.14583333333334,65.875,8.916666666666666,1015.0333333333336,24.333333333333314,48.666666666666664,13.291666666666666,1013.9583333333334,5,2,5,3,5,8,8,6,3,5,6,6,3,3,0,5,3,2,2,4,3,1,2,5,7
2023-02-28,16.5,17.6,0.2,28.0,17.1,72,6,1013.1,16.0,97.0,9.0,1011.4,235927.45,16.312500000000004,25.75833333333335,0.23333333333333361,34.208333333333336,19.24166666666667,65.29166666666667,8.708333333333334,1015.4125000000003,24.183333333333312,50.291666666666664,13.208333333333334,1014.0875000000001,6,1,0,2,4,7,4,6,2,8,4,5,3,3,0,4,3,1,2,4,3,2,2,5,8
2023-03-01,14.3,21.1,3.2,28.0,14.9,94,7,1013.3,20.7,61.0,9.0,1013.2,215412.6,16.333333333333336,25.812500000000018,0.316666666666667,34.291666666666664,19.175000000000004,66.33333333333333,8.75,1015.2416666666668,24.25416666666665,50.375,13.291666666666666,1013.9000000000001,4,2,7,2,3,11,4,6,4,4,4,5,3,3,0,4,3,2,2,4,3,2,2,5,5
2023-03-02,14.5,21.7,0.8,26.0,16.1,73,9,1014.8,21.2,59.0,9.0,1014.3,226105.04,16.270833333333336,25.845833333333356,0.3500000000000003,34.208333333333336,19.14583333333334,66.25,8.75,1015.0041666666667,24.32916666666665,50.333333333333336,13.125,1013.6541666666667,4,3,1,2,4,7,6,6,4,4,4,6,3,3,0,4,3,2,2,4,3,2,2,4,7
2023-03-03,15.5,19.8,0.2,35.0,16.6,65,13,1018.9,18.6,54.0,24.0,1017.3,203850.54,16.225,25.820833333333354,0.3583333333333336,34.125,19.108333333333338,66.29166666666667,8.833333333333334,1014.9583333333335,24.279166666666654,50.083333333333336,13.5,1013.6166666666667,5,2,0,4,4,5,8,8,3,3,14,7,3,3,0,4,3,2,2,4,3,2,3,4,4
2023-03-04,14.1,31.4,0.0,31.0,16.8,76,7,1013.3,30.2,36.0,15.0,1008.0,211363.97,16.187500000000004,26.204166666666683,0.3583333333333336,34.041666666666664,19.075000000000006,66.79166666666667,8.833333333333334,1014.7916666666669,24.695833333333322,48.916666666666664,13.5,1013.3333333333334,4,6,0,3,4,8,4,6,8,1,8,3,3,3,0,4,3,3,2,4,3,1,3,4,5
2023-03-05,16.5,32.9,0.0,44.0,23.2,57,13,1003.9,29.2,31.0,6.0,1000.8,209996.47,16.325000000000003,26.47500000000002,0.3500000000000003,34.791666666666664,19.312500000000004,65.875,9.083333333333334,1014.5000000000001,24.866666666666656,47.875,13.208333333333334,1013.0583333333333,6,7,0,6,9,4,8,2,7,0,2,1,3,3,0,5,3,2,2,3,3,1,2,4,5
2023-03-06,15.5,25.3,5.6,50.0,17.4,63,13,1004.9,24.0,37.0,11.0,1003.0,205926.09,16.295833333333338,26.416666666666682,0.5833333333333336,35.708333333333336,19.245833333333337,64.95833333333333,9.625,1014.4000000000002,24.854166666666657,46.875,13.041666666666666,1013.0083333333332,5,4,12,7,5,5,8,2,5,1,6,2,3,3,0,6,3,1,3,3,3,0,2,4,4
2023-03-07,15.4,23.2,0.0,50.0,16.7,55,15,1006.7,21.3,39.0,15.0,1003.9,205359.44,16.27916666666667,26.312500000000014,0.5833333333333336,36.083333333333336,19.100000000000005,63.958333333333336,10.25,1014.6583333333336,24.81249999999999,45.791666666666664,12.75,1013.0916666666666,5,3,0,7,4,3,10,3,4,1,8,2,3,3,0,6,3,0,4,4,3,0,1,4,4
2023-03-08,12.3,19.4,1.0,48.0,13.4,62,11,1007.3,18.2,35.0,9.0,1006.6,208277.95,16.070833333333336,26.258333333333344,0.6250000000000003,36.166666666666664,18.883333333333336,63.833333333333336,10.333333333333334,1014.5458333333336,24.74166666666666,45.291666666666664,12.416666666666666,1012.8541666666665,3,2,2,6,2,5,7,3,3,1,4,3,3,3,0,6,3,0,4,3,3,0,1,3,5
2023-03-09,12.9,22.1,0.0,31.0,14.5,63,7,1012.0,20.2,52.0,9.0,1011.9,215709.8,15.950000000000001,26.308333333333348,0.6250000000000003,35.916666666666664,18.775000000000002,64.16666666666667,10.083333333333334,1014.416666666667,24.754166666666663,45.166666666666664,12.166666666666666,1012.7541666666666,3,3,0,3,3,5,4,5,4,3,4,5,3,3,0,6,3,0,4,3,3,0,1,3,5
2023-03-10,14.5,24.0,0.0,28.0,17.1,68,6,1017.0,22.5,51.0,11.0,1014.5,217350.22,16.054166666666667,26.383333333333344,0.6250000000000003,35.541666666666664,18.775000000000002,64.20833333333333,9.958333333333334,1014.4708333333336,24.808333333333326,45.125,11.916666666666666,1012.7833333333333,4,4,0,2,4,6,4,7,5,3,6,6,3,3,0,6,3,0,3,3,3,0,0,3,6
2023-03-11,13.3,24.7,0.0,31.0,16.4,86,0,1014.4,24.0,47.0,13.0,1011.9,193852.36,16.083333333333332,26.062500000000014,0.6250000000000003,35.541666666666664,18.741666666666667,64.83333333333333,9.666666666666666,1014.4916666666669,24.499999999999996,45.791666666666664,12.0,1012.8166666666667,4,4,0,3,4,10,0,6,5,2,7,5,3,3,0,6,3,1,3,3,3,0,0,3,3
2023-03-12,15.5,20.7,0.0,37.0,17.4,67,9,1014.8,19.6,58.0,17.0,1015.4,189468.07,16.016666666666666,25.375000000000014,0.6250000000000003,35.708333333333336,18.504166666666666,65.33333333333333,9.666666666666666,1014.5541666666669,23.841666666666665,47.208333333333336,12.416666666666666,1013.0291666666668,5,2,0,4,5,6,6,6,3,4,10,6,3,2,0,6,3,1,3,3,3,1,1,4,3
2023-03-13,11.7,22.4,0.0,30.0,16.4,68,7,1018.2,21.3,55.0,13.0,1016.6,184374.76,15.554166666666665,24.620833333333348,0.6250000000000003,35.041666666666664,17.941666666666666,66.79166666666667,9.166666666666666,1014.8958333333336,23.079166666666662,48.833333333333336,12.041666666666666,1013.475,3,3,0,3,4,6,4,7,4,3,7,7,2,2,0,5,2,3,2,4,2,1,0,4,2
2023-03-14,15.9,30.5,0.0,31.0,17.6,81,9,1016.5,30.3,34.0,13.0,1012.8,235531.32,15.491666666666665,24.854166666666682,0.6250000000000003,35.041666666666664,17.92083333333333,67.33333333333333,9.166666666666666,1014.9875000000003,23.395833333333325,48.166666666666664,12.208333333333334,1013.375,5,6,0,3,5,9,6,7,8,1,7,5,2,2,0,5,2,3,2,4,2,1,1,4,8
2023-03-15,17.6,22.9,0.0,24.0,19.0,81,6,1013.8,21.6,69.0,11.0,1010.3,236634.11,15.604166666666666,24.645833333333346,0.6250000000000003,34.791666666666664,17.90833333333333,67.75,9.25,1014.7708333333336,23.233333333333324,49.583333333333336,12.291666666666666,1013.0749999999999,6,3,0,2,6,9,4,6,4,5,6,4,3,2,0,5,2,4,2,4,2,2,1,4,8
2023-03-16,17.3,28.5,0.0,39.0,18.6,63,11,1010.0,27.6,40.0,13.0,1007.4,225507.21,15.704166666666667,24.833333333333346,0.6250000000000003,35.166666666666664,17.90833333333333,66.91666666666667,9.708333333333334,1014.341666666667,23.408333333333328,48.75,12.375,1012.5208333333334,6,5,0,5,5,5,7,4,7,1,7,3,3,2,0,5,2,3,3,3,2,1,1,3,7
2023-03-17,15.8,24.6,2.6,28.0,16.8,64,7,1016.6,22.6,41.0,9.0,1014.7,214903.19,15.625000000000002,24.933333333333348,0.7333333333333337,34.708333333333336,17.84583333333333,66.66666666666667,9.458333333333334,1013.8875000000003,23.454166666666662,48.791666666666664,12.208333333333334,1011.975,5,4,5,2,4,5,4,7,5,2,4,6,3,2,1,5,2,3,3,3,2,1,1,2,5
2023-03-18,14.6,36.2,0.0,52.0,23.1,43,13,1011.4,32.0,27.0,17.0,1008.9,210235.89,15.625000000000002,25.166666666666682,0.7333333333333337,35.5,18.075,65.66666666666667,10.0,1013.329166666667,23.649999999999995,48.083333333333336,12.375,1011.4625000000001,4,8,0,7,9,1,8,5,9,0,10,4,3,2,1,6,2,2,3,2,3,1,1,2,5
2023-03-19,17.3,19.0,0.0,28.0,17.4,74,7,1019.7,18.1,70.0,11.0,1020.1,201459.86,15.616666666666669,24.60833333333335,0.7333333333333337,34.833333333333336,17.899999999999995,66.875,9.375,1013.2708333333338,23.1375,49.666666666666664,12.291666666666666,1011.5208333333334,6,2,0,2,5,7,4,8,3,5,6,8,3,2,1,5,2,3,3,2,2,2,1,2,4
2023-03-20,14.9,20.8,0.0,41.0,15.7,56,17,1027.8,20.3,42.0,15.0,1026.5,193799.87,15.420833333333334,24.12916666666668,0.7333333333333337,34.625,17.59166666666666,67.20833333333333,9.291666666666666,1013.6958333333338,22.70833333333333,50.166666666666664,12.0,1012.0375,5,2,0,5,3,3,11,11,4,2,8,10,2,2,1,5,2,3,2,2,2,2,0,2,3
2023-03-21,11.7,19.4,0.0,17.0,13.5,70,6,1025.7,18.4,65.0,7.0,1022.7,231831.88,14.983333333333334,23.825000000000014,0.7333333333333337,34.166666666666664,17.112499999999994,68.58333333333333,8.833333333333334,1014.2500000000005,22.45833333333333,51.083333333333336,11.916666666666666,1012.4791666666669,3,2,0,0,2,6,4,10,3,5,3,9,2,2,1,4,1,5,2,3,2,3,0,3,7
2023-03-22,13.5,22.8,1.6,24.0,17.3,86,2,1021.0,21.8,65.0,13.0,1019.1,221941.25,14.891666666666667,23.80000000000001,0.7416666666666671,33.916666666666664,17.120833333333326,69.33333333333333,8.916666666666666,1014.6041666666671,22.44166666666666,51.541666666666664,12.083333333333334,1012.8000000000001,4,3,3,2,5,10,1,8,4,5,7,8,2,2,1,4,1,5,2,3,2,3,0,3,6
2023-03-23,15.3,22.6,10.2,24.0,16.5,100,9,1017.6,21.4,68.0,9.0,1015.6,225989.8,14.850000000000001,23.90000000000001,1.0583333333333338,33.541666666666664,17.062499999999996,70.29166666666667,8.75,1014.6958333333337,22.545833333333324,51.375,12.0,1012.7874999999999,5,3,23,2,4,12,6,7,4,5,4,6,2,2,1,4,1,6,2,4,2,3,0,3,7
2023-03-24,16.1,21.6,1.4,31.0,17.3,74,7,1019.6,19.2,55.0,13.0,1019.0,217086.63,14.833333333333336,24.066666666666677,1.1083333333333336,33.666666666666664,17.07083333333333,70.375,8.791666666666666,1014.966666666667,22.67916666666666,49.625,12.166666666666666,1013.1041666666665,5,3,3,3,5,7,4,8,3,3,7,8,2,2,1,4,1,6,2,4,2,2,1,4,6
2023-03-25,11.6,19.6,0.2,33.0,15.7,69,9,1021.7,18.9,55.0,13.0,1019.1,186453.92,14.720833333333337,24.004166666666677,0.9833333333333337,33.875,17.10416666666666,69.33333333333333,8.875,1015.3166666666671,22.604166666666657,49.375,12.333333333333334,1013.3499999999998,2,2,0,3,3,6,6,9,3,3,7,8,2,2,1,4,1,5,2,4,2,2,1,4,2
2023-03-26,10.7,19.9,0.0,20.0,14.0,74,0,1017.5,19.1,63.0,6.0,1014.4,196458.2,14.562500000000002,23.929166666666674,0.9500000000000003,33.625,17.016666666666662,69.375,8.5,1015.4291666666671,22.516666666666655,49.541666666666664,12.208333333333334,1013.3541666666665,2,2,0,1,2,7,0,7,3,4,2,6,2,2,1,4,1,5,1,4,2,2,1,4,3
2023-03-27,13.9,18.3,0.0,26.0,16.0,84,9,1013.1,17.6,81.0,11.0,1010.5,234862.1,14.495833333333335,23.866666666666674,0.941666666666667,33.25,16.99166666666666,70.16666666666667,8.333333333333334,1015.1875000000003,22.47499999999999,50.666666666666664,11.666666666666666,1013.0708333333332,4,1,0,2,4,9,6,6,2,7,6,4,2,2,1,3,1,6,1,4,2,2,0,4,8
2023-03-28,15.5,20.9,8.0,24.0,16.7,95,0,1012.4,20.2,69.0,11.0,1009.9,221529.81,14.554166666666667,23.429166666666674,1.2750000000000004,32.958333333333336,16.987499999999994,70.95833333333333,8.041666666666666,1015.1500000000004,22.058333333333323,52.041666666666664,11.5,1013.15,5,2,18,2,4,11,0,5,4,5,6,4,2,1,2,3,1,7,1,4,2,3,0,4,6
2023-03-29,14.9,18.5,5.8,43.0,14.9,91,7,1009.3,17.9,60.0,17.0,1008.6,220321.4,14.487499999999999,22.829166666666676,1.5166666666666668,32.916666666666664,16.64166666666666,72.375,7.791666666666667,1015.3750000000003,21.587499999999988,53.25,11.958333333333334,1013.4749999999999,5,1,13,5,3,11,4,4,3,4,10,4,2,1,2,3,1,8,0,4,1,4,0,4,6
2023-03-30,12.4,19.1,8.2,31.0,14.3,69,9,1011.0,18.4,57.0,13.0,1010.1,214581.88,14.358333333333333,22.570833333333344,1.6250000000000002,32.125,16.512499999999992,72.625,7.625,1015.629166666667,21.354166666666654,54.083333333333336,12.041666666666666,1013.7708333333331,3,2,18,3,2,6,6,5,3,4,7,4,2,1,3,2,1,8,0,5,1,4,0,5,5
2023-03-31,14.1,19.4,0.0,33.0,15.2,71,6,1013.2,19.0,67.0,13.0,1012.6,217954.91,14.304166666666667,22.41250000000001,1.6250000000000002,31.416666666666668,16.449999999999992,73.29166666666667,7.25,1015.9000000000002,21.25833333333332,55.25,11.958333333333334,1014.1333333333331,4,2,0,3,3,7,4,6,3,5,7,5,2,1,3,2,1,9,0,5,1,5,0,5,6
2023-04-01,11.3,16.4,4.6,33.0,13.3,74,9,1019.5,14.6,62.0,13.0,1019.9,201284.96,14.262500000000001,22.28750000000001,1.7750000000000004,30.791666666666668,16.44583333333333,73.79166666666667,7.166666666666667,1016.4083333333336,21.108333333333317,56.375,12.125,1014.6874999999999,2,1,10,3,2,7,6,8,1,4,7,8,2,1,3,1,1,10,0,5,1,5,0,6,4
2023-04-02,8.7,18.3,0.2,22.0,13.3,68,6,1022.0,17.8,54.0,11.0,1019.4,187957.97,14.0875,22.129166666666674,1.7833333333333339,30.416666666666668,16.39583333333333,74.0,7.125,1016.8250000000003,21.00833333333332,56.458333333333336,12.208333333333334,1014.9999999999999,1,1,0,1,2,6,4,9,2,3,6,8,1,1,3,1,1,10,0,6,1,5,1,6,3
2023-04-03,8.8,22.6,0.0,19.0,13.3,78,7,1020.4,20.7,63.0,11.0,1016.5,217683.69,13.850000000000001,22.07083333333334,1.7833333333333339,30.041666666666668,16.237499999999994,74.41666666666667,7.166666666666667,1016.966666666667,20.93333333333332,56.958333333333336,12.208333333333334,1015.0833333333331,1,3,0,1,2,8,4,8,4,4,6,7,1,1,3,0,1,10,0,6,1,6,1,6,6
2023-04-04,12.0,21.7,0.0,28.0,16.6,81,7,1019.3,20.7,73.0,11.0,1016.3,215967.78,13.795833333333334,21.94583333333334,1.7833333333333339,29.916666666666668,16.24583333333333,74.20833333333333,7.458333333333333,1017.1708333333336,20.79583333333332,58.041666666666664,12.125,1015.2666666666664,3,3,0,2,4,9,4,8,4,6,6,7,1,1,3,0,1,10,0,6,1,6,0,6,6
2023-04-05,13.8,18.4,0.0,22.0,16.8,76,2,1018.8,18.0,68.0,9.0,1016.4,226609.74,13.725000000000001,21.850000000000005,1.7833333333333339,29.291666666666668,16.22083333333333,74.58333333333333,7.166666666666667,1017.3375000000002,20.729166666666654,58.458333333333336,11.791666666666666,1015.308333333333,4,1,0,1,4,8,1,8,3,5,4,7,1,1,3,0,1,10,0,6,1,6,0,6,7
2023-04-06,13.4,26.3,0.0,43.0,17.0,79,6,1012.3,24.2,40.0,17.0,1007.4,221523.82,13.795833333333334,22.012500000000003,1.7833333333333339,29.833333333333332,16.245833333333334,75.04166666666667,7.125,1017.0916666666668,20.849999999999987,57.833333333333336,11.958333333333334,1014.9249999999998,4,4,0,5,4,8,4,5,5,1,10,3,1,1,3,0,1,11,0,6,1,6,0,6,6
2023-04-07,16.1,19.9,4.4,41.0,17.9,71,13,999.3,18.0,62.0,17.0,997.3,195661.94,13.804166666666669,21.570833333333336,1.966666666666667,30.25,16.25833333333333,74.625,7.291666666666667,1016.3750000000001,20.337499999999984,59.0,12.125,1014.2791666666666,5,2,10,5,5,7,8,0,3,4,10,0,1,0,3,0,1,10,0,5,1,7,0,5,3
2023-04-08,13.7,18.0,11.2,35.0,14.9,79,13,1006.1,15.0,76.0,15.0,1005.7,183933.78,13.641666666666667,21.36666666666667,2.4333333333333336,30.708333333333332,16.087499999999995,74.54166666666667,7.583333333333333,1016.0541666666668,20.062499999999982,59.291666666666664,12.291666666666666,1014.0875,4,1,25,4,3,8,8,3,1,6,8,3,1,0,4,1,1,10,0,5,0,7,1,5,2
2023-04-09,10.5,15.5,7.8,43.0,11.7,84,9,1012.5,14.1,60.0,17.0,1012.8,195601.16,13.358333333333334,20.825000000000003,2.7583333333333333,30.875,15.799999999999995,75.41666666666667,7.5,1016.1583333333334,19.499999999999982,60.125,12.458333333333334,1014.3124999999999,2,0,17,5,1,9,6,5,1,4,10,5,1,0,5,1,0,11,0,5,0,7,1,5,3
2023-04-10,10.1,15.2,14.8,35.0,13.4,70,15,1014.5,14.9,64.0,13.0,1013.4,211346.65,13.120833333333335,20.433333333333337,3.266666666666667,31.166666666666668,15.658333333333326,75.66666666666667,7.833333333333333,1016.0708333333336,19.17916666666665,61.083333333333336,12.625,1014.2583333333332,2,0,33,4,2,6,10,6,1,4,7,5,1,0,6,1,0,11,0,5,0,8,1,5,5
2023-04-11,11.9,19.1,6.0,19.0,14.7,81,2,1016.0,18.8,61.0,9.0,1010.9,217930.82,13.008333333333333,19.72083333333334,3.516666666666667,29.791666666666668,15.308333333333325,77.25,7.375,1016.2625000000002,18.62916666666665,62.5,12.291666666666666,1014.3416666666666,3,2,13,1,3,9,1,7,3,4,4,5,1,0,7,0,0,13,0,5,0,8,1,5,6
2023-04-12,12.6,19.3,7.0,41.0,13.3,88,13,1004.8,18.6,64.0,20.0,1004.3,224664.92,12.8125,19.733333333333338,3.8083333333333336,30.333333333333332,15.137499999999994,77.83333333333333,7.625,1015.6416666666668,18.64999999999998,62.25,12.666666666666666,1013.6833333333333,3,2,16,5,2,10,8,2,3,4,12,2,1,0,7,1,0,13,0,5,0,8,1,4,6
2023-04-21,11.3,19.0,0.0,13.0,14.8,78,6,1030.5,18.6,64.0,2.0,1029.2,232043.13,11.991666666666667,19.700000000000003,4.833333333333334,30.916666666666668,14.87083333333333,76.58333333333333,8.416666666666666,1015.0500000000001,18.587499999999984,60.166666666666664,11.916666666666666,1013.4833333333332,2,2,0,0,3,8,4,12,3,4,0,11,0,0,9,1,0,12,1,4,0,7,0,4,7
2023-04-22,14.6,19.2,0.0,22.0,15.2,84,6,1031.9,18.8,64.0,11.0,1029.7,207431.82,11.97916666666667,19.729166666666668,4.591666666666668,30.041666666666668,14.883333333333331,76.29166666666667,8.375,1015.9916666666668,18.624999999999986,60.333333333333336,11.666666666666666,1014.3625000000001,4,2,0,1,3,9,4,13,3,4,6,11,0,0,9,0,0,12,1,5,0,7,0,5,5
